Provinsi,Kabupaten,Tahun,Kemiskinan (%),Pengeluaran Pangan (%),Tanpa Air Bersih (%),Lama Sekolah Perempuan (tahun),Rasio Tenaga Kesehatan,Angka Harapan Hidup (tahun),Komposit
Gorontalo,Boalemo,2018,21.85,28.53,48.25,6.78,3.44,67.86,5
Gorontalo,Boalemo,2019,20.33,21.31,30.02,7.37,3.57,68.25,6
Gorontalo,Boalemo,2020,18.87,22.3,24.34,7.17,2.6,68.83,6
Gorontalo,Boalemo,2021,18.57,26.87,17.5,7.71,2.47,69.07,6
Gorontalo,Boalemo,2022,19.0,14.52,17.22,8.05,2.16,69.3,6
Gorontalo,Boalemo,2023,18.74,41.07,11.31,11.01,0.04,69.61,6
Gorontalo,Boalemo,2024,18.38,47.86,16.23,8.21,1.97,69.92,6
Gorontalo,Bone Bolango,2018,17.81,24.05,35.42,8.44,3.31,67.71,5
Gorontalo,Bone Bolango,2019,17.4,15.49,22.37,8.93,2.57,67.95,6
Gorontalo,Bone Bolango,2020,16.12,10.29,24.02,9.12,2.54,68.38,6
Gorontalo,Bone Bolango,2021,15.81,9.73,18.37,9.16,2.38,68.46,6
Gorontalo,Bone Bolango,2022,16.3,7.69,22.05,8.79,2.21,68.52,6
Gorontalo,Bone Bolango,2023,16.05,26.34,18.16,10.27,0.25,68.88,6
Gorontalo,Bone Bolango,2024,15.51,33.85,11.21,8.91,1.84,69.24,6
Gorontalo,Gorontalo,2018,17.65,21.77,48.37,7.66,1.99,66.69,5
Gorontalo,Gorontalo,2019,16.81,14.01,28.64,7.26,1.38,67.45,6
Gorontalo,Gorontalo,2020,18.06,10.83,22.67,7.91,1.58,67.45,6
Gorontalo,Gorontalo,2021,17.56,7.24,21.0,8.08,1.29,67.58,6
Gorontalo,Gorontalo,2022,17.89,11.49,20.79,8.33,1.19,67.69,6
Gorontalo,Gorontalo,2023,17.71,29.08,17.8,10.03,0.32,67.89,6
Gorontalo,Gorontalo,2024,17.48,33.79,16.35,8.63,1.06,68.09,6
Gorontalo,Gorontalo Utara,2018,19.23,36.66,39.2,7.29,4.22,65.12,5
Gorontalo,Gorontalo Utara,2019,18.54,20.86,25.45,7.3,3.77,65.36,6
Gorontalo,Gorontalo Utara,2020,16.95,20.3,22.65,7.65,2.86,65.79,6
Gorontalo,Gorontalo Utara,2021,16.88,18.41,19.09,7.97,2.8,65.87,6
Gorontalo,Gorontalo Utara,2022,17.23,13.17,19.75,8.03,2.69,65.93,6
Gorontalo,Gorontalo Utara,2023,17.24,38.83,19.21,9.42,0.27,66.3,6
Gorontalo,Gorontalo Utara,2024,17.03,50.67,13.44,7.85,2.24,66.67,6
Gorontalo,Kota Gorontalo,2018,5.7,40.14,12.18,10.2,0.08,71.79,6
Gorontalo,Kota Gorontalo,2019,5.57,5.51,6.22,10.45,0.08,72.02,6
Gorontalo,Kota Gorontalo,2020,5.45,1.87,4.97,10.35,0.07,72.42,6
Gorontalo,Kota Gorontalo,2021,5.59,1.87,6.25,10.54,0.07,72.49,6
Gorontalo,Kota Gorontalo,2022,5.93,2.11,4.67,10.41,0.05,72.53,6
Gorontalo,Kota Gorontalo,2023,5.73,2.02,2.26,11.88,0.05,72.88,6
Gorontalo,Kota Gorontalo,2024,5.64,9.89,3.53,10.58,0.04,73.25,6
Gorontalo,Pahuwato,2018,21.27,31.45,13.98,7.54,7.61,62.86,5
Gorontalo,Pahuwato,2019,19.4,17.64,8.14,7.64,6.62,63.25,6
Gorontalo,Pahuwato,2020,18.16,16.33,8.43,8.05,7.04,63.83,6
Gorontalo,Pahuwato,2021,17.62,21.88,7.06,7.71,6.33,64.07,6
Gorontalo,Pahuwato,2022,18.08,18.46,6.39,8.03,5.64,64.3,6
Gorontalo,Pahuwato,2023,17.87,36.66,4.58,9.5,0.85,64.62,6
Gorontalo,Pahuwato,2024,17.64,46.06,3.4,8.28,4.97,64.95,6
Maluku,Buru,2018,17.4,27.15,47.68,8.66,13.93,66.03,5
Maluku,Buru,2019,17.03,18.49,23.14,8.89,11.5,66.16,6
Maluku,Buru,2020,16.74,32.61,27.18,8.8,7.06,66.32,6
Maluku,Buru,2021,16.64,11.65,34.14,8.72,5.62,66.41,6
Maluku,Buru,2022,17.28,8.28,25.52,8.98,5.31,66.44,6
Maluku,Buru,2023,15.82,11.76,27.48,10.24,0.02,66.72,6
Maluku,Buru,2024,16.53,12.45,28.66,9.34,4.57,67.03,6
Maluku,Buru Selatan,2018,16.83,44.97,63.71,7.48,12.85,65.74,3
Maluku,Buru Selatan,2019,16.31,27.49,34.44,7.88,11.83,65.92,3
Maluku,Buru Selatan,2020,16.13,39.37,38.21,8.3,7.67,66.13,3
Maluku,Buru Selatan,2021,15.75,26.15,26.97,8.26,7.23,66.27,3
Maluku,Buru Selatan,2022,15.89,21.95,20.3,7.99,7.03,66.36,3
Maluku,Buru Selatan,2023,14.75,22.58,31.48,11.69,0.02,66.69,3
Maluku,Buru Selatan,2024,15.28,20.34,36.6,8.92,4.08,66.96,3
Maluku,Kepulauan Aru,2018,27.13,34.62,53.89,8.39,15.46,62.34,1
Maluku,Kepulauan Aru,2019,27.12,16.64,35.96,8.7,17.08,62.52,1
Maluku,Kepulauan Aru,2020,26.73,20.52,33.17,8.86,15.77,62.73,1
Maluku,Kepulauan Aru,2021,26.26,15.78,36.41,9.0,14.33,62.87,1
Maluku,Kepulauan Aru,2022,26.53,12.73,29.78,8.86,12.52,62.96,2
Maluku,Kepulauan Aru,2023,23.51,16.66,34.75,10.86,0.01,63.29,2
Maluku,Kepulauan Aru,2024,24.21,15.84,30.55,9.43,11.36,63.57,2
Maluku,Kota Ambon,2018,4.46,46.48,30.4,11.35,0.26,69.92,5
Maluku,Kota Ambon,2019,4.72,8.63,11.41,11.22,0.25,70.12,6
Maluku,Kota Ambon,2020,4.57,5.62,14.27,11.74,0.22,70.35,6
Maluku,Kota Ambon,2021,4.51,2.35,11.98,11.87,0.17,70.52,6
Maluku,Kota Ambon,2022,5.02,3.39,10.72,12.16,0.11,70.63,6
Maluku,Kota Ambon,2023,4.68,6.71,12.25,11.35,0.03,71.0,6
Maluku,Kota Ambon,2024,5.25,2.14,13.2,12.05,0.09,71.37,6
Maluku,Kota Tual,2018,24.0,49.6,43.49,10.11,0.69,64.61,1
Maluku,Kota Tual,2019,23.42,6.22,15.66,10.21,0.63,64.89,3
Maluku,Kota Tual,2020,22.68,6.12,17.21,10.28,0.86,65.21,2
Maluku,Kota Tual,2021,22.51,4.48,15.41,10.65,0.75,65.47,3
Maluku,Kota Tual,2022,23.26,0.77,19.88,10.39,0.68,65.68,3
Maluku,Kota Tual,2023,20.56,6.8,17.9,10.98,0.01,66.16,4
Maluku,Kota Tual,2024,20.68,5.29,12.48,10.7,0.35,66.65,4
Maluku,Maluku Barat Daya,2018,30.18,45.79,72.53,8.32,15.19,61.62,2
Maluku,Maluku Barat Daya,2019,30.2,28.79,48.75,8.19,12.42,61.87,3
Maluku,Maluku Barat Daya,2020,29.43,21.51,36.4,8.46,11.51,62.16,4
Maluku,Maluku Barat Daya,2021,29.15,8.49,29.0,9.09,8.28,62.38,4
Maluku,Maluku Barat Daya,2022,29.55,2.46,31.28,9.36,9.62,62.55,4
Maluku,Maluku Barat Daya,2023,27.64,11.78,37.63,10.35,0.01,62.98,4
Maluku,Maluku Barat Daya,2024,28.78,21.31,39.73,9.31,5.56,63.39,4
Maluku,Maluku Tengah,2018,21.2,41.44,50.88,9.46,10.15,66.06,4
Maluku,Maluku Tengah,2019,20.11,24.59,36.61,9.36,10.09,66.19,4
Maluku,Maluku Tengah,2020,20.04,34.91,27.68,9.9,6.65,66.34,5
Maluku,Maluku Tengah,2021,19.83,21.73,35.15,10.06,5.19,66.42,5
Maluku,Maluku Tengah,2022,19.84,22.04,31.93,9.99,5.04,66.45,5
Maluku,Maluku Tengah,2023,17.46,22.03,25.14,11.62,0.01,66.73,5
Maluku,Maluku Tengah,2024,17.84,13.99,22.59,10.13,4.12,67.04,5
Maluku,Maluku Tenggara,2018,23.87,9.15,53.25,9.38,8.03,64.61,4
Maluku,Maluku Tenggara,2019,23.27,8.01,32.14,9.68,8.76,64.77,4
Maluku,Maluku Tenggara,2020,22.75,13.21,24.27,9.35,1.6,64.95,2
Maluku,Maluku Tenggara,2021,22.57,6.97,21.97,9.89,1.38,65.07,2
Maluku,Maluku Tenggara,2022,22.73,8.75,36.46,9.86,1.44,65.14,2
Maluku,Maluku Tenggara,2023,21.19,13.93,37.06,11.39,0.0,65.46,3
Maluku,Maluku Tenggara,2024,21.79,6.0,32.96,9.74,1.27,65.78,2
Maluku,Maluku Tenggara Barat,2018,27.47,58.08,54.01,9.17,18.29,63.06,1
Maluku,Maluku Tenggara Barat,2019,28.08,39.39,24.46,9.71,21.01,63.19,3
Maluku,Maluku Tenggara Barat,2020,27.25,41.51,27.78,9.76,14.58,63.34,2
Maluku,Maluku Tenggara Barat,2021,27.11,21.58,22.53,9.79,11.69,63.42,2
Maluku,Maluku Tenggara Barat,2022,27.27,22.67,32.48,9.88,7.78,63.45,2
Maluku,Maluku Tenggara Barat,2023,23.88,16.05,30.31,10.83,0.01,63.73,4
Maluku,Maluku Tenggara Barat,2024,24.47,8.86,24.47,10.35,4.93,63.99,2
Maluku,Seram Bagian Barat,2018,25.49,38.68,65.58,8.77,7.19,60.96,3
Maluku,Seram Bagian Barat,2019,25.62,22.21,38.3,9.14,6.67,61.2,4
Maluku,Seram Bagian Barat,2020,25.16,26.8,51.38,9.15,8.21,61.48,3
Maluku,Seram Bagian Barat,2021,25.11,26.67,45.1,9.09,5.02,61.69,3
Maluku,Seram Bagian Barat,2022,25.27,12.57,39.56,9.43,4.58,61.85,4
Maluku,Seram Bagian Barat,2023,22.25,28.79,53.7,10.26,0.02,62.25,3
Maluku,Seram Bagian Barat,2024,22.39,19.9,45.87,9.78,4.36,62.61,4
Maluku,Seram Bagian Timur,2018,23.59,50.45,62.95,7.87,6.33,58.56,3
Maluku,Seram Bagian Timur,2019,23.62,36.69,43.98,8.14,6.12,58.84,3
Maluku,Seram Bagian Timur,2020,23.13,37.95,33.22,8.49,9.65,59.16,4
Maluku,Seram Bagian Timur,2021,23.04,26.32,33.67,8.79,6.63,59.41,3
Maluku,Seram Bagian Timur,2022,23.25,10.59,40.63,8.49,6.03,59.62,4
Maluku,Seram Bagian Timur,2023,20.73,23.45,43.04,10.45,0.02,60.06,5
Maluku,Seram Bagian Timur,2024,21.08,12.56,39.59,8.88,4.38,60.46,5
Maluku Utara,Halmahera Barat,2018,8.74,28.73,61.06,7.89,3.9,65.55,4
Maluku Utara,Halmahera Barat,2019,8.74,19.29,47.36,8.03,3.84,65.78,5
Maluku Utara,Halmahera Barat,2020,8.59,16.56,42.66,8.8,3.47,66.13,3
Maluku Utara,Halmahera Barat,2021,8.82,13.93,39.41,8.96,2.7,66.25,3
Maluku Utara,Halmahera Barat,2022,8.95,5.89,41.07,8.58,3.09,66.34,3
Maluku Utara,Halmahera Barat,2023,8.43,16.09,42.89,9.63,0.06,66.64,3
Maluku Utara,Halmahera Barat,2024,8.74,7.39,42.6,8.65,3.39,66.91,3
Maluku Utara,Halmahera Selatan,2018,4.1,19.86,52.02,7.48,10.07,65.2,5
Maluku Utara,Halmahera Selatan,2019,4.8,22.66,47.6,7.72,9.64,65.42,5
Maluku Utara,Halmahera Selatan,2020,5.03,21.34,41.17,7.9,8.99,65.75,2
Maluku Utara,Halmahera Selatan,2021,5.21,18.33,37.64,7.83,7.62,65.86,2
Maluku Utara,Halmahera Selatan,2022,5.19,18.87,25.57,8.37,6.12,65.93,3
Maluku Utara,Halmahera Selatan,2023,4.99,20.19,40.88,10.72,0.01,66.22,3
Maluku Utara,Halmahera Selatan,2024,5.68,19.71,38.45,8.41,4.27,66.5,3
Maluku Utara,Halmahera Tengah,2018,14.15,23.58,58.61,8.42,10.35,62.8,4
Maluku Utara,Halmahera Tengah,2019,13.94,15.38,25.42,8.54,9.49,63.16,5
Maluku Utara,Halmahera Tengah,2020,14.12,24.81,25.23,8.94,9.01,63.65,4
Maluku Utara,Halmahera Tengah,2021,13.56,12.28,37.44,9.08,8.53,63.91,2
Maluku Utara,Halmahera Tengah,2022,13.52,5.41,34.07,9.12,4.54,64.15,2
Maluku Utara,Halmahera Tengah,2023,12.0,3.85,48.01,9.08,0.12,64.61,2
Maluku Utara,Halmahera Tengah,2024,11.44,4.21,35.58,9.48,3.12,65.06,3
Maluku Utara,Halmahera Timur,2018,15.25,28.41,54.35,7.84,17.34,67.85,5
Maluku Utara,Halmahera Timur,2019,15.02,19.99,47.32,7.85,16.85,68.19,5
Maluku Utara,Halmahera Timur,2020,15.39,24.63,52.02,8.23,19.11,68.64,5
Maluku Utara,Halmahera Timur,2021,15.45,18.14,56.75,8.28,10.79,68.88,5
Maluku Utara,Halmahera Timur,2022,15.04,13.36,31.55,8.19,9.76,69.08,5
Maluku Utara,Halmahera Timur,2023,13.14,19.36,41.75,10.5,0.03,69.5,6
Maluku Utara,Halmahera Timur,2024,12.47,16.77,36.14,8.88,8.88,69.9,6
Maluku Utara,Halmahera Utara,2018,4.22,27.77,48.04,8.34,6.45,68.94,6
Maluku Utara,Halmahera Utara,2019,4.51,23.12,29.37,8.41,6.61,69.15,6
Maluku Utara,Halmahera Utara,2020,4.55,21.13,40.64,8.42,6.21,69.47,6
Maluku Utara,Halmahera Utara,2021,4.45,9.8,39.62,8.57,6.15,69.56,4
Maluku Utara,Halmahera Utara,2022,5.22,10.03,26.41,8.62,4.58,69.61,4
Maluku Utara,Halmahera Utara,2023,4.58,13.76,29.84,10.91,0.01,69.88,6
Maluku Utara,Halmahera Utara,2024,4.62,12.71,27.66,8.87,2.8,70.11,4
Maluku Utara,Kepulauan Sula,2018,8.59,50.39,48.78,8.74,8.2,62.6,3
Maluku Utara,Kepulauan Sula,2019,8.89,27.74,49.65,8.94,7.95,62.83,3
Maluku Utara,Kepulauan Sula,2020,8.98,31.91,36.65,8.88,11.78,63.18,2
Maluku Utara,Kepulauan Sula,2021,8.35,18.17,28.73,9.11,9.78,63.3,3
Maluku Utara,Kepulauan Sula,2022,8.23,10.02,42.61,9.26,7.83,63.39,2
Maluku Utara,Kepulauan Sula,2023,7.64,23.25,50.04,11.38,0.03,63.68,3
Maluku Utara,Kepulauan Sula,2024,8.17,17.48,47.2,9.34,4.27,63.94,3
Maluku Utara,Kota Ternate,2018,2.73,42.2,14.89,11.08,0.12,70.27,6
Maluku Utara,Kota Ternate,2019,3.0,3.31,8.05,11.02,0.12,70.5,6
Maluku Utara,Kota Ternate,2020,3.14,4.81,8.98,11.48,0.12,70.85,6
Maluku Utara,Kota Ternate,2021,3.46,1.75,8.0,11.41,0.12,70.97,6
Maluku Utara,Kota Ternate,2022,3.55,4.44,10.97,11.59,0.09,71.06,6
Maluku Utara,Kota Ternate,2023,3.11,5.23,5.95,11.82,0.01,71.38,6
Maluku Utara,Kota Ternate,2024,3.39,5.25,6.54,11.74,0.12,71.7,6
Maluku Utara,Kota Tidore Kepulauan,2018,5.45,55.88,50.3,9.57,1.0,68.64,3
Maluku Utara,Kota Tidore Kepulauan,2019,5.95,6.53,36.84,9.75,1.0,68.87,4
Maluku Utara,Kota Tidore Kepulauan,2020,6.1,9.32,39.43,9.7,1.0,69.22,4
Maluku Utara,Kota Tidore Kepulauan,2021,6.52,10.62,35.28,10.05,2.77,69.34,4
Maluku Utara,Kota Tidore Kepulauan,2022,6.58,10.32,38.35,10.06,1.82,69.43,4
Maluku Utara,Kota Tidore Kepulauan,2023,5.99,11.81,32.73,10.6,0.02,69.75,5
Maluku Utara,Kota Tidore Kepulauan,2024,6.35,7.71,37.75,10.17,1.44,70.1,5
Maluku Utara,Pulau Morotai,2018,7.07,42.75,57.9,6.68,7.09,66.28,5
Maluku Utara,Pulau Morotai,2019,7.16,30.5,42.32,7.24,9.57,66.58,6
Maluku Utara,Pulau Morotai,2020,7.27,30.37,42.0,7.55,9.22,66.99,6
Maluku Utara,Pulau Morotai,2021,6.46,15.28,37.99,7.63,5.45,67.18,4
Maluku Utara,Pulau Morotai,2022,6.52,12.81,36.44,7.66,5.47,67.35,4
Maluku Utara,Pulau Morotai,2023,5.42,22.17,34.85,9.31,0.03,67.74,3
Maluku Utara,Pulau Morotai,2024,5.38,23.9,33.98,7.91,4.0,68.1,4
Maluku Utara,Pulau Taliabu,2018,7.17,35.57,68.36,7.48,13.35,61.32,2
Maluku Utara,Pulau Taliabu,2019,7.35,20.18,51.62,7.57,13.63,61.58,2
Maluku Utara,Pulau Taliabu,2020,7.53,30.27,58.31,7.86,9.26,61.95,2
Maluku Utara,Pulau Taliabu,2021,7.3,20.46,53.22,8.17,3.82,62.1,2
Maluku Utara,Pulau Taliabu,2022,7.49,18.67,56.98,7.72,6.28,62.22,2
Maluku Utara,Pulau Taliabu,2023,6.88,33.33,46.95,9.48,0.02,62.53,2
Maluku Utara,Pulau Taliabu,2024,7.31,21.22,45.09,8.62,5.23,62.79,2
Papua,Asmat,2018,27.16,74.2,48.54,4.31,79.77,56.32,1
Papua,Asmat,2019,27.41,39.74,96.57,4.08,75.63,56.88,1
Papua,Asmat,2020,26.6,55.48,91.49,4.8,100.0,57.53,1
Papua,Asmat,2021,25.49,39.46,93.45,4.6,73.62,58.05,1
Papua,Asmat,2022,24.83,46.75,88.52,5.52,32.47,58.59,1
Papua,Asmat,2023,24.87,65.27,88.08,8.54,0.3,58.9,1
Papua,Asmat,2024,24.36,42.02,83.74,6.3,40.28,59.19,2
Papua,Biak Numfor,2018,25.44,56.0,30.18,8.85,38.77,67.87,2
Papua,Biak Numfor,2019,25.72,17.69,35.56,9.68,37.89,68.0,2
Papua,Biak Numfor,2020,25.5,15.74,28.46,10.57,19.31,68.2,2
Papua,Biak Numfor,2021,24.57,11.32,27.83,10.1,3.3,68.25,2
Papua,Biak Numfor,2022,24.45,18.08,27.62,9.58,2.71,68.29,2
Papua,Biak Numfor,2023,24.48,12.94,35.91,11.58,0.02,68.5,2
Papua,Biak Numfor,2024,23.53,8.7,39.3,10.17,1.82,68.74,2
Papua,Boven Digoel,2018,19.9,37.86,39.28,8.08,50.55,58.77,2
Papua,Boven Digoel,2019,20.35,31.19,39.04,7.68,52.15,59.16,2
Papua,Boven Digoel,2020,19.66,28.82,35.8,8.66,100.0,59.64,1
Papua,Boven Digoel,2021,19.41,20.79,39.54,8.24,39.21,59.97,1
Papua,Boven Digoel,2022,19.9,21.19,49.54,8.4,28.48,60.32,1
Papua,Boven Digoel,2023,20.04,27.69,47.06,11.44,0.05,60.64,1
Papua,Boven Digoel,2024,19.8,22.29,39.3,9.16,35.64,60.97,2
Papua,Deiyai,2018,43.63,55.44,59.74,1.95,12.45,64.63,1
Papua,Deiyai,2019,43.49,24.37,99.73,1.49,12.37,64.83,1
Papua,Deiyai,2020,43.65,9.73,100.0,1.49,83.07,65.11,1
Papua,Deiyai,2021,41.76,6.39,99.24,2.83,100.0,65.24,1
Papua,Deiyai,2022,40.59,12.42,100.0,2.09,19.19,65.36,1
Papua,Deiyai,2023,40.31,77.43,99.34,11.01,0.18,65.66,1
Papua,Deiyai,2024,38.66,52.5,92.0,2.23,20.93,65.93,1
Papua,Dogiyai,2018,30.36,60.68,88.03,4.47,26.24,65.12,1
Papua,Dogiyai,2019,30.48,26.48,92.3,2.07,26.18,65.32,1
Papua,Dogiyai,2020,31.12,42.99,96.91,2.56,100.0,65.6,1
Papua,Dogiyai,2021,28.62,26.26,98.7,2.78,66.71,65.73,1
Papua,Dogiyai,2022,28.81,23.59,93.51,3.37,45.56,65.85,1
Papua,Dogiyai,2023,29.48,10.79,76.03,10.87,0.03,66.13,1
Papua,Dogiyai,2024,29.2,49.11,66.66,4.3,12.95,66.39,1
Papua,Intan Jaya,2018,42.23,91.1,96.98,1.4,86.18,65.09,1
Papua,Intan Jaya,2019,42.71,29.33,86.65,1.42,79.81,65.26,1
Papua,Intan Jaya,2020,42.92,36.25,95.47,1.88,94.3,65.51,1
Papua,Intan Jaya,2021,40.71,38.93,99.23,1.78,87.43,65.6,1
Papua,Intan Jaya,2022,41.66,65.91,100.0,1.89,35.33,65.69,1
Papua,Intan Jaya,2023,42.03,72.69,100.0,10.17,0.35,65.93,1
Papua,Intan Jaya,2024,40.01,61.16,92.0,1.28,60.62,66.12,1
Papua,Jayapura,2018,13.01,36.13,36.75,8.74,7.79,66.47,4
Papua,Jayapura,2019,13.44,29.43,36.54,9.25,8.99,66.66,2
Papua,Jayapura,2020,13.13,20.33,35.22,10.01,22.24,66.93,3
Papua,Jayapura,2021,12.44,11.17,29.31,9.84,21.07,67.05,3
Papua,Jayapura,2022,12.13,7.91,28.98,9.6,12.56,67.16,5
Papua,Jayapura,2023,11.94,17.39,35.31,9.33,0.05,67.45,5
Papua,Jayapura,2024,11.45,29.35,38.66,9.99,13.14,67.78,4
Papua,Jayawijaya,2018,38.62,30.76,42.7,5.6,4.34,58.67,3
Papua,Jayawijaya,2019,38.66,23.56,75.98,5.03,3.04,58.99,3
Papua,Jayawijaya,2020,38.33,10.96,71.41,5.24,5.54,59.39,1
Papua,Jayawijaya,2021,37.22,26.02,79.64,5.17,5.63,59.64,1
Papua,Jayawijaya,2022,37.09,31.92,80.99,5.22,10.83,59.9,1
Papua,Jayawijaya,2023,35.8,43.56,79.07,10.86,0.01,60.26,1
Papua,Jayawijaya,2024,34.71,37.14,77.16,6.19,3.68,60.5,1
Papua,Keerom,2018,16.69,20.18,34.36,7.32,26.02,66.18,3
Papua,Keerom,2019,16.9,15.08,39.31,7.88,26.58,66.35,3
Papua,Keerom,2020,16.83,20.72,26.51,8.22,37.74,66.6,4
Papua,Keerom,2021,16.32,23.7,34.87,7.63,21.99,66.69,4
Papua,Keerom,2022,16.0,23.88,36.79,7.76,58.82,66.78,4
Papua,Keerom,2023,15.77,27.98,31.77,8.63,0.1,67.04,5
Papua,Keerom,2024,15.68,22.7,75.39,8.41,18.5,67.24,3
Papua,Kepulauan Yapen,2018,26.82,58.67,39.92,8.12,10.04,68.71,3
Papua,Kepulauan Yapen,2019,27.17,24.02,27.35,8.47,9.98,68.85,2
Papua,Kepulauan Yapen,2020,27.13,26.4,31.53,9.14,16.51,69.06,2
Papua,Kepulauan Yapen,2021,26.3,17.09,31.22,9.13,5.01,69.12,2
Papua,Kepulauan Yapen,2022,26.09,13.34,38.83,8.95,3.27,69.17,2
Papua,Kepulauan Yapen,2023,26.15,23.94,39.04,11.12,0.01,69.39,5
Papua,Kepulauan Yapen,2024,25.89,20.37,27.44,9.16,3.34,69.63,2
Papua,Kota Jayapura,2018,11.46,44.63,12.5,9.55,0.91,70.0,5
Papua,Kota Jayapura,2019,11.37,5.22,7.53,10.9,0.72,70.15,5
Papua,Kota Jayapura,2020,11.49,6.0,6.17,10.88,0.73,70.38,5
Papua,Kota Jayapura,2021,11.16,4.39,3.38,11.11,0.5,70.45,5
Papua,Kota Jayapura,2022,11.39,5.14,1.93,11.41,0.4,70.52,6
Papua,Kota Jayapura,2023,11.12,9.92,13.46,10.13,0.12,70.76,6
Papua,Kota Jayapura,2024,10.5,4.53,9.55,11.68,0.35,71.07,6
Papua,Lanny Jaya,2018,39.6,42.77,98.23,3.71,14.39,65.65,1
Papua,Lanny Jaya,2019,40.06,32.81,98.12,2.49,18.98,65.79,1
Papua,Lanny Jaya,2020,39.52,69.67,99.48,1.71,17.28,66.0,1
Papua,Lanny Jaya,2021,38.13,59.52,93.63,1.36,14.52,66.06,1
Papua,Lanny Jaya,2022,38.73,89.61,99.58,3.7,6.39,66.11,1
Papua,Lanny Jaya,2023,37.76,89.27,99.69,11.19,0.16,66.31,1
Papua,Lanny Jaya,2024,36.94,91.5,99.62,4.28,8.67,66.51,1
Papua,Mamberamo Raya,2018,29.88,71.73,60.32,5.42,100.0,56.9,1
Papua,Mamberamo Raya,2019,30.1,80.95,93.14,4.95,100.0,57.18,1
Papua,Mamberamo Raya,2020,29.13,79.78,95.28,6.15,100.0,57.55,1
Papua,Mamberamo Raya,2021,28.38,80.7,79.59,5.12,100.0,57.77,1
Papua,Mamberamo Raya,2022,28.78,68.5,88.61,6.69,100.0,58.0,1
Papua,Mamberamo Raya,2023,30.73,73.64,95.48,9.81,0.02,58.29,1
Papua,Mamberamo Raya,2024,29.63,55.64,98.98,8.59,86.82,58.54,1
Papua,Mamberamo Tengah,2018,36.38,22.34,100.0,2.1,34.97,62.92,1
Papua,Mamberamo Tengah,2019,37.02,41.66,100.0,1.81,36.42,63.14,1
Papua,Mamberamo Tengah,2020,36.93,82.71,100.0,3.07,82.56,63.44,1
Papua,Mamberamo Tengah,2021,36.41,75.66,97.6,3.26,50.61,63.59,1
Papua,Mamberamo Tengah,2022,36.76,86.49,100.0,3.57,16.53,63.75,1
Papua,Mamberamo Tengah,2023,35.92,88.59,100.0,11.01,0.2,64.05,1
Papua,Mamberamo Tengah,2024,35.42,90.22,99.0,5.0,32.55,64.14,1
Papua,Mappi,2018,25.75,67.23,62.36,5.83,40.43,64.3,1
Papua,Mappi,2019,25.64,63.56,78.62,5.75,40.35,64.56,1
Papua,Mappi,2020,25.5,51.75,71.16,5.44,80.7,64.91,1
Papua,Mappi,2021,25.04,43.45,76.99,5.53,51.88,65.11,1
Papua,Mappi,2022,26.05,41.58,75.8,6.26,15.04,65.31,1
Papua,Mappi,2023,26.04,35.3,75.22,10.42,0.03,65.66,2
Papua,Mappi,2024,25.72,39.8,81.8,6.96,45.27,65.9,1
Papua,Merauke,2018,10.81,22.54,32.97,7.72,65.52,66.56,6
Papua,Merauke,2019,10.54,19.49,29.99,8.56,66.56,66.71,6
Papua,Merauke,2020,10.35,24.2,28.12,8.51,100.0,66.93,6
Papua,Merauke,2021,10.03,16.64,29.61,8.75,91.58,67.0,6
Papua,Merauke,2022,10.16,15.97,29.95,8.77,46.54,67.07,6
Papua,Merauke,2023,10.1,18.12,24.61,10.95,0.03,67.31,6
Papua,Merauke,2024,10.01,11.18,23.56,10.06,32.29,67.6,6
Papua,Mimika,2018,14.89,36.46,6.35,8.89,2.36,71.93,3
Papua,Mimika,2019,14.55,9.77,7.28,9.73,2.36,72.06,3
Papua,Mimika,2020,14.54,9.96,14.02,9.83,1.62,72.27,3
Papua,Mimika,2021,14.26,15.61,18.61,10.05,12.08,72.32,3
Papua,Mimika,2022,14.17,22.09,18.15,9.65,12.22,72.36,6
Papua,Mimika,2023,14.28,20.3,19.74,10.56,0.02,72.57,6
Papua,Mimika,2024,13.55,8.46,20.61,9.96,9.57,72.83,6
Papua,Nabire,2018,25.38,30.34,25.36,8.89,6.49,67.55,5
Papua,Nabire,2019,25.17,27.26,22.57,9.03,6.38,67.72,4
Papua,Nabire,2020,24.81,23.27,27.1,9.89,7.22,67.97,4
Papua,Nabire,2021,24.15,21.4,19.07,9.77,14.56,68.06,4
Papua,Nabire,2022,23.83,18.62,18.1,9.54,12.8,68.15,5
Papua,Nabire,2023,23.9,15.1,17.26,9.48,0.04,68.41,6
Papua,Nabire,2024,23.35,11.85,21.23,10.45,10.2,68.73,4
Papua,Nduga,2018,37.29,77.33,98.75,1.57,69.14,54.6,1
Papua,Nduga,2019,38.13,39.35,99.74,2.15,64.97,54.82,1
Papua,Nduga,2020,38.24,41.96,99.71,2.31,100.0,55.12,1
Papua,Nduga,2021,36.72,32.47,99.71,2.42,100.0,55.27,1
Papua,Nduga,2022,37.18,70.67,96.18,3.94,10.9,55.43,1
Papua,Nduga,2023,36.73,47.36,96.27,10.88,0.13,55.7,1
Papua,Nduga,2024,37.09,59.71,98.15,4.64,26.28,55.72,1
Papua,Paniai,2018,37.4,54.53,58.51,3.14,65.26,65.7,2
Papua,Paniai,2019,37.35,26.27,78.58,4.34,83.78,65.94,3
Papua,Paniai,2020,37.16,10.04,89.26,4.28,96.17,66.27,1
Papua,Paniai,2021,36.71,0.32,93.45,3.91,23.24,66.44,1
Papua,Paniai,2022,36.59,10.73,100.0,3.83,8.27,66.62,1
Papua,Paniai,2023,36.63,69.33,100.0,10.09,0.19,66.94,1
Papua,Paniai,2024,35.39,58.08,99.01,3.97,7.96,67.22,1
Papua,Pegunungan Bintang,2018,30.6,69.1,44.15,4.88,49.48,63.9,1
Papua,Pegunungan Bintang,2019,30.75,72.0,74.49,3.87,52.16,64.08,1
Papua,Pegunungan Bintang,2020,30.51,85.3,79.63,3.85,62.12,64.34,1
Papua,Pegunungan Bintang,2021,30.15,65.22,58.08,4.14,63.2,64.44,1
Papua,Pegunungan Bintang,2022,30.46,45.58,78.47,3.73,18.14,64.54,1
Papua,Pegunungan Bintang,2023,30.32,74.4,71.7,11.34,0.02,64.79,3
Papua,Pegunungan Bintang,2024,29.79,47.68,79.27,3.52,39.4,64.99,1
Papua,Puncak,2018,37.46,89.55,33.55,2.25,42.62,65.13,1
Papua,Puncak,2019,38.15,96.42,100.0,1.2,42.8,65.33,1
Papua,Puncak,2020,38.24,93.56,100.0,1.0,44.94,65.61,1
Papua,Puncak,2021,36.96,91.88,98.12,1.98,38.28,65.74,1
Papua,Puncak,2022,36.26,72.22,95.46,1.48,46.83,65.86,1
Papua,Puncak,2023,36.25,91.43,96.41,10.15,0.17,66.13,1
Papua,Puncak,2024,36.44,93.04,21.79,1.43,53.48,66.4,1
Papua,Puncak Jaya,2018,36.01,60.55,72.22,4.25,11.18,64.41,1
Papua,Puncak Jaya,2019,36.27,67.18,62.05,2.54,10.88,64.65,1
Papua,Puncak Jaya,2020,35.71,19.11,85.59,3.22,14.74,64.98,1
Papua,Puncak Jaya,2021,34.74,52.61,65.12,2.06,28.98,65.15,1
Papua,Puncak Jaya,2022,36.0,54.85,78.24,3.45,35.46,65.33,1
Papua,Puncak Jaya,2023,36.3,26.25,87.99,10.42,0.01,65.66,1
Papua,Puncak Jaya,2024,35.6,31.47,88.21,4.51,29.2,65.9,1
Papua,Sarmi,2018,13.75,37.88,44.49,8.47,100.0,65.82,1
Papua,Sarmi,2019,14.51,35.45,55.9,8.36,100.0,66.0,1
Papua,Sarmi,2020,14.41,46.42,40.73,8.1,43.8,66.26,2
Papua,Sarmi,2021,13.87,55.06,42.04,8.95,32.65,66.36,2
Papua,Sarmi,2022,13.84,27.14,33.52,8.16,70.78,66.46,3
Papua,Sarmi,2023,13.76,33.53,36.02,10.3,0.07,66.74,4
Papua,Sarmi,2024,13.21,27.48,40.22,10.03,37.92,67.07,4
Papua,Supiori,2018,37.4,45.35,40.95,7.83,3.17,65.33,1
Papua,Supiori,2019,39.22,33.22,68.57,8.06,3.36,65.53,1
Papua,Supiori,2020,38.79,49.17,71.98,9.04,3.47,65.81,1
Papua,Supiori,2021,36.91,53.99,86.9,8.84,2.73,65.94,1
Papua,Supiori,2022,37.91,54.59,77.78,8.8,2.33,66.06,1
Papua,Supiori,2023,37.7,61.51,75.14,11.45,1.26,66.36,1
Papua,Supiori,2024,36.99,58.02,63.52,9.27,1.64,66.66,1
Papua,Tolikara,2018,32.73,75.48,86.42,2.62,24.68,65.1,1
Papua,Tolikara,2019,33.14,65.63,95.98,2.77,23.35,65.3,1
Papua,Tolikara,2020,32.9,86.54,96.24,1.99,29.01,65.58,1
Papua,Tolikara,2021,32.04,61.48,92.26,2.07,17.29,65.71,1
Papua,Tolikara,2022,32.6,75.39,99.81,2.55,35.41,65.83,1
Papua,Tolikara,2023,31.31,85.96,97.19,9.23,0.01,66.08,1
Papua,Tolikara,2024,31.57,80.25,97.09,2.38,10.42,66.33,1
Papua,Waropen,2018,30.82,39.16,55.81,7.89,27.12,65.82,2
Papua,Waropen,2019,30.53,44.11,59.41,8.95,28.95,65.99,1
Papua,Waropen,2020,30.95,37.79,53.5,9.05,42.34,66.24,1
Papua,Waropen,2021,29.54,37.55,45.88,8.99,52.51,66.33,2
Papua,Waropen,2022,29.85,20.32,67.08,8.55,100.0,66.42,2
Papua,Waropen,2023,30.22,11.91,57.07,10.92,0.21,66.68,4
Papua,Waropen,2024,29.16,22.18,59.99,8.86,35.11,66.92,2
Papua,Yahukimo,2018,39.33,52.1,81.44,2.78,41.85,65.32,1
Papua,Yahukimo,2019,39.25,68.2,87.22,3.16,42.56,65.52,1
Papua,Yahukimo,2020,38.82,54.1,67.45,3.18,82.26,65.8,1
Papua,Yahukimo,2021,37.34,51.36,88.78,3.79,84.13,65.93,1
Papua,Yahukimo,2022,37.64,63.88,69.25,3.69,60.61,66.05,1
Papua,Yahukimo,2023,36.21,86.25,68.34,11.22,0.01,66.31,1
Papua,Yahukimo,2024,36.08,62.73,66.4,4.13,45.09,66.42,1
Papua,Yalimo,2018,34.97,23.33,73.28,2.58,22.6,64.94,1
Papua,Yalimo,2019,35.45,51.81,85.71,3.18,23.19,65.1,1
Papua,Yalimo,2020,34.52,52.99,81.54,3.61,30.75,65.34,1
Papua,Yalimo,2021,32.82,28.61,71.53,4.99,30.85,65.42,1
Papua,Yalimo,2022,33.25,69.23,100.0,5.66,16.94,65.49,1
Papua,Yalimo,2023,31.68,71.76,100.0,10.67,0.12,65.72,1
Papua,Yalimo,2024,30.97,21.48,50.98,6.78,17.3,65.95,1
Papua Barat,Fakfak,2018,25.96,57.36,34.79,9.53,100.0,67.95,1
Papua Barat,Fakfak,2019,24.31,32.73,30.05,10.02,29.36,68.12,2
Papua Barat,Fakfak,2020,23.25,26.58,38.86,10.02,32.5,68.41,2
Papua Barat,Fakfak,2021,22.27,32.72,43.55,10.45,21.57,68.47,2
Papua Barat,Fakfak,2022,22.86,17.28,44.3,10.33,16.05,68.5,2
Papua Barat,Fakfak,2023,22.06,18.81,51.17,10.49,0.07,68.75,2
Papua Barat,Fakfak,2024,21.38,9.95,50.37,10.78,10.15,69.02,2
Papua Barat,Kaimana,2018,17.22,13.61,36.33,9.37,38.53,63.99,2
Papua Barat,Kaimana,2019,16.65,26.83,43.5,9.51,10.64,64.25,2
Papua Barat,Kaimana,2020,16.11,27.41,46.19,9.15,26.7,64.64,2
Papua Barat,Kaimana,2021,15.5,29.1,41.9,9.45,27.07,64.81,2
Papua Barat,Kaimana,2022,16.04,27.57,43.1,9.77,28.15,64.93,2
Papua Barat,Kaimana,2023,15.29,22.37,44.43,12.06,0.09,65.27,2
Papua Barat,Kaimana,2024,14.57,19.07,43.79,9.86,24.48,65.62,2
Papua Barat,Kota Sorong,2018,17.78,42.23,9.89,10.96,1.0,69.67,4
Papua Barat,Kota Sorong,2019,15.85,7.34,6.27,10.56,0.91,70.0,5
Papua Barat,Kota Sorong,2020,15.45,8.43,5.13,10.68,0.84,70.46,5
Papua Barat,Kota Sorong,2021,14.99,6.27,3.55,10.82,0.67,70.7,6
Papua Barat,Kota Sorong,2022,15.35,5.81,3.82,11.47,0.6,70.93,5
Papua Barat,Kota Sorong,2023,14.96,7.07,10.26,11.81,0.34,71.4,6
Papua Barat,Kota Sorong,2024,14.41,4.77,5.16,11.63,0.17,71.92,6
Papua Barat,Manokwari,2018,24.32,19.2,51.57,9.42,5.88,68.0,4
Papua Barat,Manokwari,2019,22.21,23.39,26.47,9.43,11.52,68.22,5
Papua Barat,Manokwari,2020,21.06,7.58,11.28,9.76,3.74,68.56,5
Papua Barat,Manokwari,2021,20.14,6.05,21.28,9.7,3.14,68.68,5
Papua Barat,Manokwari,2022,20.56,8.96,34.06,9.01,2.4,68.82,4
Papua Barat,Manokwari,2023,19.9,12.35,37.27,11.43,0.01,69.18,4
Papua Barat,Manokwari,2024,18.73,7.11,43.21,9.64,2.07,69.55,5
Papua Barat,Manokwari Selatan,2018,34.02,39.12,60.3,7.42,100.0,66.96,3
Papua Barat,Manokwari Selatan,2019,30.87,43.0,57.58,8.56,33.78,67.16,1
Papua Barat,Manokwari Selatan,2020,29.94,12.62,42.63,7.72,100.0,67.48,4
Papua Barat,Manokwari Selatan,2021,28.88,29.6,38.83,8.39,28.12,67.58,4
Papua Barat,Manokwari Selatan,2022,29.3,21.87,27.52,8.6,14.88,67.6,5
Papua Barat,Manokwari Selatan,2023,28.55,30.73,34.88,9.9,1.52,67.84,4
Papua Barat,Manokwari Selatan,2024,27.8,11.84,18.33,8.48,5.89,68.09,5
Papua Barat,Maybrat,2018,34.87,21.68,73.6,8.95,100.0,64.8,1
Papua Barat,Maybrat,2019,32.89,28.44,58.54,9.54,19.21,64.93,2
Papua Barat,Maybrat,2020,32.2,28.55,83.79,9.65,48.75,65.17,1
Papua Barat,Maybrat,2021,30.78,27.71,64.01,9.42,40.76,65.19,1
Papua Barat,Maybrat,2022,31.39,7.59,61.9,10.5,22.57,65.25,1
Papua Barat,Maybrat,2023,31.14,4.13,65.54,11.83,0.09,65.53,2
Papua Barat,Maybrat,2024,30.28,4.43,61.0,9.97,15.17,65.82,1
Papua Barat,Pegunungan Arfak,2018,39.23,50.27,56.07,4.68,55.55,66.72,1
Papua Barat,Pegunungan Arfak,2019,35.72,64.81,74.21,5.49,59.7,66.89,1
Papua Barat,Pegunungan Arfak,2020,34.83,26.53,63.37,5.85,100.0,67.18,1
Papua Barat,Pegunungan Arfak,2021,33.81,35.28,61.36,5.49,52.33,67.24,1
Papua Barat,Pegunungan Arfak,2022,34.7,23.48,51.51,6.41,20.4,67.26,1
Papua Barat,Pegunungan Arfak,2023,33.71,16.75,60.8,11.62,0.18,67.5,1
Papua Barat,Pegunungan Arfak,2024,32.29,23.13,58.55,6.35,20.75,67.71,1
Papua Barat,Raja Ampat,2018,20.0,20.22,42.63,8.64,24.26,64.26,3
Papua Barat,Raja Ampat,2019,17.8,38.48,36.93,8.5,39.13,64.42,2
Papua Barat,Raja Ampat,2020,17.16,27.29,36.05,9.09,24.86,64.7,3
Papua Barat,Raja Ampat,2021,17.01,39.31,44.27,8.64,24.57,64.74,2
Papua Barat,Raja Ampat,2022,17.5,24.92,45.86,8.31,17.17,64.83,2
Papua Barat,Raja Ampat,2023,17.32,32.47,56.28,12.21,0.09,65.12,2
Papua Barat,Raja Ampat,2024,16.76,22.53,49.35,8.55,9.53,65.41,3
Papua Barat,Sorong,2018,32.86,26.02,27.85,8.78,64.13,65.52,3
Papua Barat,Sorong,2019,30.19,27.2,50.06,8.3,16.41,65.71,4
Papua Barat,Sorong,2020,28.61,13.89,42.57,9.05,10.37,66.02,4
Papua Barat,Sorong,2021,27.48,17.09,36.28,9.15,9.48,66.1,3
Papua Barat,Sorong,2022,27.78,15.41,45.74,8.74,7.58,66.22,2
Papua Barat,Sorong,2023,27.58,23.45,50.89,11.17,0.1,66.55,2
Papua Barat,Sorong,2024,26.88,9.48,52.18,9.07,6.37,66.89,2
Papua Barat,Sorong Selatan,2018,19.66,41.67,34.52,8.17,16.46,65.63,2
Papua Barat,Sorong Selatan,2019,19.14,32.24,54.3,8.06,16.63,65.83,2
Papua Barat,Sorong Selatan,2020,18.41,41.6,46.36,8.4,18.06,66.15,2
Papua Barat,Sorong Selatan,2021,18.28,43.89,64.23,8.68,16.2,66.25,1
Papua Barat,Sorong Selatan,2022,18.55,37.48,74.25,7.7,12.61,66.39,1
Papua Barat,Sorong Selatan,2023,18.48,17.23,66.49,11.39,0.14,66.72,2
Papua Barat,Sorong Selatan,2024,18.11,20.7,79.81,8.23,10.3,67.01,1
Papua Barat,Tambrauw,2018,35.99,42.91,65.65,6.95,100.0,59.29,1
Papua Barat,Tambrauw,2019,34.59,62.87,70.95,8.62,68.53,59.56,1
Papua Barat,Tambrauw,2020,33.66,55.01,80.42,7.39,100.0,59.96,1
Papua Barat,Tambrauw,2021,32.8,51.62,73.91,7.34,100.0,60.13,1
Papua Barat,Tambrauw,2022,33.86,33.04,68.12,8.5,63.35,60.2,1
Papua Barat,Tambrauw,2023,32.45,47.33,53.36,10.6,0.49,60.68,1
Papua Barat,Tambrauw,2024,31.23,29.51,47.0,8.33,56.66,61.14,2
Papua Barat,Teluk Bintuni,2018,34.32,26.26,34.26,8.72,67.05,59.83,1
Papua Barat,Teluk Bintuni,2019,31.3,24.57,32.14,8.93,8.09,60.15,1
Papua Barat,Teluk Bintuni,2020,30.57,33.52,33.18,9.62,58.38,60.6,2
Papua Barat,Teluk Bintuni,2021,29.39,25.86,37.12,9.69,46.11,60.83,1
Papua Barat,Teluk Bintuni,2022,29.79,29.73,34.9,9.59,32.51,60.99,1
Papua Barat,Teluk Bintuni,2023,29.73,29.2,44.93,11.0,0.25,61.37,1
Papua Barat,Teluk Bintuni,2024,28.24,18.33,42.97,9.9,24.62,61.76,2
Papua Barat,Teluk Wondama,2018,36.37,25.82,57.8,9.36,15.33,59.26,1
Papua Barat,Teluk Wondama,2019,33.32,57.46,68.75,8.88,86.68,59.53,1
Papua Barat,Teluk Wondama,2020,32.42,44.41,66.41,9.07,23.38,59.93,1
Papua Barat,Teluk Wondama,2021,30.91,43.3,73.65,10.06,17.96,60.1,1
Papua Barat,Teluk Wondama,2022,31.61,30.41,77.43,8.47,9.45,60.24,1
Papua Barat,Teluk Wondama,2023,30.06,40.73,78.13,10.69,0.04,60.57,1
Papua Barat,Teluk Wondama,2024,28.9,23.42,72.04,8.44,10.8,60.86,1
Sulawesi Barat,Majene,2018,13.94,41.94,39.63,8.85,2.33,60.79,4
Sulawesi Barat,Majene,2019,13.79,39.2,31.59,8.52,3.21,61.05,3
Sulawesi Barat,Majene,2020,13.72,46.97,16.8,9.12,2.33,61.3,5
Sulawesi Barat,Majene,2021,13.73,28.65,24.85,8.84,0.97,61.56,5
Sulawesi Barat,Majene,2022,14.34,21.12,16.5,9.36,0.85,61.77,4
Sulawesi Barat,Majene,2023,15.13,23.22,11.76,10.72,0.1,62.16,4
Sulawesi Barat,Majene,2024,14.54,26.36,9.18,9.66,0.77,62.56,4
Sulawesi Barat,Mamasa,2018,13.51,53.96,80.88,8.06,7.24,70.48,4
Sulawesi Barat,Mamasa,2019,13.38,38.09,76.1,7.99,7.51,70.62,5
Sulawesi Barat,Mamasa,2020,13.42,57.07,79.08,8.33,7.41,70.75,5
Sulawesi Barat,Mamasa,2021,13.38,40.48,78.63,8.42,2.97,70.87,5
Sulawesi Barat,Mamasa,2022,13.77,42.51,69.76,8.25,2.77,70.94,5
Sulawesi Barat,Mamasa,2023,14.51,33.61,69.26,10.22,0.07,71.2,5
Sulawesi Barat,Mamasa,2024,14.31,25.18,70.51,8.58,2.49,71.45,5
Sulawesi Barat,Mamuju,2018,6.88,27.97,44.77,7.7,3.79,66.65,6
Sulawesi Barat,Mamuju,2019,7.18,31.07,37.15,7.74,3.61,66.94,6
Sulawesi Barat,Mamuju,2020,7.06,37.56,34.6,7.98,4.54,67.23,6
Sulawesi Barat,Mamuju,2021,6.92,24.78,27.32,8.41,3.04,67.52,6
Sulawesi Barat,Mamuju,2022,7.46,18.31,25.22,8.18,3.04,67.77,6
Sulawesi Barat,Mamuju,2023,7.63,18.82,26.2,10.75,0.04,68.21,6
Sulawesi Barat,Mamuju,2024,7.57,12.87,24.96,8.31,2.25,68.66,6
Sulawesi Barat,Mamuju Tengah,2018,6.95,27.3,44.55,7.39,3.19,67.52,6
Sulawesi Barat,Mamuju Tengah,2019,7.14,14.34,48.21,7.43,3.74,67.79,6
Sulawesi Barat,Mamuju Tengah,2020,6.87,17.16,30.26,7.77,11.41,68.06,6
Sulawesi Barat,Mamuju Tengah,2021,6.79,15.68,34.53,8.12,4.08,68.33,6
Sulawesi Barat,Mamuju Tengah,2022,7.13,15.28,28.54,7.6,3.67,68.55,6
Sulawesi Barat,Mamuju Tengah,2023,7.17,13.42,21.46,11.35,0.01,68.97,6
Sulawesi Barat,Mamuju Tengah,2024,7.32,11.42,20.96,7.88,2.99,69.37,6
Sulawesi Barat,Mamuju Utara,2018,4.84,25.57,38.9,7.46,8.0,65.33,5
Sulawesi Barat,Mamuju Utara,2019,4.53,19.64,18.92,7.91,8.75,65.62,6
Sulawesi Barat,Mamuju Utara,2020,4.28,23.96,26.03,8.6,7.71,65.91,6
Sulawesi Barat,Mamuju Utara,2021,4.48,20.53,29.1,8.37,6.02,66.2,6
Sulawesi Barat,Mamuju Utara,2022,4.77,16.6,13.81,8.45,4.35,66.45,5
Sulawesi Barat,Mamuju Utara,2023,5.09,15.63,24.33,10.76,0.03,66.9,4
Sulawesi Barat,Mamuju Utara,2024,4.79,21.29,17.14,8.51,4.1,67.33,3
Sulawesi Barat,Polewali Mandar,2018,16.05,45.51,45.28,7.33,2.88,61.76,5
Sulawesi Barat,Polewali Mandar,2019,15.97,39.59,34.0,7.66,2.79,61.97,5
Sulawesi Barat,Polewali Mandar,2020,15.6,43.69,34.52,7.59,2.13,62.18,5
Sulawesi Barat,Polewali Mandar,2021,15.26,36.1,33.39,7.65,0.88,62.38,5
Sulawesi Barat,Polewali Mandar,2022,15.68,30.2,28.9,7.85,0.8,62.53,5
Sulawesi Barat,Polewali Mandar,2023,16.39,34.42,30.13,10.93,0.22,62.86,5
Sulawesi Barat,Polewali Mandar,2024,16.08,32.06,30.23,8.01,0.9,63.2,6
Sulawesi Selatan,Bantaeng,2018,9.66,17.87,28.71,7.34,1.2,69.9,6
Sulawesi Selatan,Bantaeng,2019,9.23,19.78,14.33,7.12,0.77,70.11,6
Sulawesi Selatan,Bantaeng,2020,9.03,24.88,4.94,6.76,0.42,70.42,6
Sulawesi Selatan,Bantaeng,2021,8.95,41.9,9.98,7.52,0.39,70.54,6
Sulawesi Selatan,Bantaeng,2022,9.41,35.91,23.74,7.17,0.31,70.6,6
Sulawesi Selatan,Bantaeng,2023,9.07,29.36,16.62,4.13,41.02,70.88,6
Sulawesi Selatan,Bantaeng,2024,9.18,27.72,12.43,7.53,0.28,71.11,6
Sulawesi Selatan,Barru,2018,9.71,15.48,33.17,8.18,1.11,68.3,6
Sulawesi Selatan,Barru,2019,9.04,12.95,22.87,8.02,0.93,68.6,6
Sulawesi Selatan,Barru,2020,8.57,9.99,15.07,8.25,1.42,68.91,6
Sulawesi Selatan,Barru,2021,8.26,30.23,13.55,8.78,1.02,69.02,6
Sulawesi Selatan,Barru,2022,8.68,22.77,17.37,8.53,1.42,69.07,6
Sulawesi Selatan,Barru,2023,8.4,21.04,19.38,4.57,28.17,69.35,6
Sulawesi Selatan,Barru,2024,8.46,19.92,19.02,8.91,0.99,69.55,6
Sulawesi Selatan,Bone,2018,10.28,26.57,44.9,7.13,1.89,66.22,6
Sulawesi Selatan,Bone,2019,10.55,16.21,24.87,7.38,1.58,66.5,6
Sulawesi Selatan,Bone,2020,10.06,14.98,25.47,7.3,1.6,66.88,6
Sulawesi Selatan,Bone,2021,10.68,21.24,28.11,7.56,2.58,67.07,6
Sulawesi Selatan,Bone,2022,10.52,13.63,29.31,7.58,2.61,67.21,6
Sulawesi Selatan,Bone,2023,10.58,11.54,29.03,9.32,35.22,67.57,6
Sulawesi Selatan,Bone,2024,10.53,5.79,22.1,7.85,1.26,67.85,6
Sulawesi Selatan,Bulukumba,2018,7.97,35.31,43.38,7.7,1.39,66.96,6
Sulawesi Selatan,Bulukumba,2019,7.48,31.07,21.42,7.96,0.57,67.27,6
Sulawesi Selatan,Bulukumba,2020,7.26,21.72,25.74,8.07,0.99,67.69,6
Sulawesi Selatan,Bulukumba,2021,7.1,42.97,23.78,8.42,1.0,67.92,6
Sulawesi Selatan,Bulukumba,2022,7.43,36.84,21.18,8.2,0.71,68.1,6
Sulawesi Selatan,Bulukumba,2023,7.39,35.74,26.9,6.87,43.13,68.51,6
Sulawesi Selatan,Bulukumba,2024,7.22,26.79,22.48,8.38,0.51,68.84,6
Sulawesi Selatan,Enrekang,2018,13.16,32.23,56.15,8.52,2.88,70.38,5
Sulawesi Selatan,Enrekang,2019,12.49,25.33,46.34,8.89,2.72,70.55,6
Sulawesi Selatan,Enrekang,2020,12.33,28.54,34.84,8.77,3.48,70.83,6
Sulawesi Selatan,Enrekang,2021,12.17,46.36,28.91,9.19,1.57,70.91,6
Sulawesi Selatan,Enrekang,2022,12.47,36.94,32.66,8.7,1.24,70.93,6
Sulawesi Selatan,Enrekang,2023,12.39,25.92,28.71,4.08,13.08,71.17,6
Sulawesi Selatan,Enrekang,2024,12.69,26.02,26.74,8.96,1.23,71.34,6
Sulawesi Selatan,Gowa,2018,8.42,33.3,30.64,8.18,2.5,69.95,6
Sulawesi Selatan,Gowa,2019,7.83,17.29,22.78,7.85,2.5,70.11,6
Sulawesi Selatan,Gowa,2020,7.53,17.18,19.61,8.26,2.1,70.37,6
Sulawesi Selatan,Gowa,2021,7.38,29.52,28.38,8.53,1.28,70.43,6
Sulawesi Selatan,Gowa,2022,7.54,26.76,33.43,8.04,1.31,70.45,6
Sulawesi Selatan,Gowa,2023,7.36,24.81,22.15,10.76,36.07,70.7,6
Sulawesi Selatan,Gowa,2024,7.42,18.94,20.29,8.84,0.74,70.89,6
Sulawesi Selatan,Jeneponto,2018,15.4,56.93,28.36,6.91,1.81,65.65,5
Sulawesi Selatan,Jeneponto,2019,15.48,30.86,10.35,6.91,1.74,65.89,6
Sulawesi Selatan,Jeneponto,2020,14.88,23.77,10.33,7.5,1.21,66.24,6
Sulawesi Selatan,Jeneponto,2021,14.58,43.2,16.24,7.24,0.51,66.39,6
Sulawesi Selatan,Jeneponto,2022,14.28,32.53,14.74,7.05,0.4,66.49,6
Sulawesi Selatan,Jeneponto,2023,13.73,33.65,17.82,3.52,40.21,66.81,6
Sulawesi Selatan,Jeneponto,2024,13.06,25.78,11.07,7.75,0.39,66.99,6
Sulawesi Selatan,Kepulauan Selayar,2018,13.28,60.67,40.28,7.41,2.36,67.82,5
Sulawesi Selatan,Kepulauan Selayar,2019,13.13,35.44,18.03,7.94,2.4,68.03,4
Sulawesi Selatan,Kepulauan Selayar,2020,12.83,24.14,9.54,8.4,1.25,68.34,4
Sulawesi Selatan,Kepulauan Selayar,2021,12.48,34.88,14.03,8.49,1.21,68.46,5
Sulawesi Selatan,Kepulauan Selayar,2022,12.45,38.39,12.58,8.3,1.0,68.52,5
Sulawesi Selatan,Kepulauan Selayar,2023,12.24,36.15,10.94,7.9,44.85,68.81,5
Sulawesi Selatan,Kepulauan Selayar,2024,12.27,37.76,14.34,8.62,0.77,69.04,5
Sulawesi Selatan,Kota Makassar,2018,4.59,39.93,6.72,10.08,0.02,71.51,6
Sulawesi Selatan,Kota Makassar,2019,4.41,12.45,2.67,10.34,0.02,71.7,6
Sulawesi Selatan,Kota Makassar,2020,4.28,9.71,1.96,10.86,0.03,72.0,6
Sulawesi Selatan,Kota Makassar,2021,4.54,12.07,1.36,11.08,0.02,72.09,6
Sulawesi Selatan,Kota Makassar,2022,4.82,8.2,1.26,11.44,0.02,72.13,6
Sulawesi Selatan,Kota Makassar,2023,4.58,11.3,4.31,11.12,0.06,72.4,6
Sulawesi Selatan,Kota Makassar,2024,5.07,7.66,2.39,11.33,0.01,72.6,6
Sulawesi Selatan,Kota Palopo,2018,8.78,48.13,11.84,10.79,0.34,70.3,5
Sulawesi Selatan,Kota Palopo,2019,7.94,11.23,7.88,10.62,0.29,70.49,6
Sulawesi Selatan,Kota Palopo,2020,7.82,9.01,3.84,10.79,0.23,70.79,6
Sulawesi Selatan,Kota Palopo,2021,7.85,14.47,4.96,10.85,0.2,70.88,6
Sulawesi Selatan,Kota Palopo,2022,8.14,14.07,5.02,11.18,0.16,70.92,6
Sulawesi Selatan,Kota Palopo,2023,7.78,15.81,4.33,10.48,0.01,71.18,6
Sulawesi Selatan,Kota Palopo,2024,7.69,16.23,3.66,11.29,0.14,71.39,6
Sulawesi Selatan,Kota Pare Pare,2018,5.7,47.7,12.66,10.19,0.12,70.69,6
Sulawesi Selatan,Kota Pare Pare,2019,5.59,10.39,9.03,10.13,0.1,70.88,6
Sulawesi Selatan,Kota Pare Pare,2020,5.26,10.22,8.65,10.33,0.1,71.18,6
Sulawesi Selatan,Kota Pare Pare,2021,5.44,10.01,10.75,10.53,0.08,71.27,6
Sulawesi Selatan,Kota Pare Pare,2022,5.4,7.33,7.76,11.23,0.08,71.31,6
Sulawesi Selatan,Kota Pare Pare,2023,5.41,10.1,7.01,8.53,1.45,71.57,6
Sulawesi Selatan,Kota Pare Pare,2024,5.34,8.34,6.5,10.82,0.07,71.78,6
Sulawesi Selatan,Luwu,2018,14.01,32.69,47.59,8.28,5.26,69.6,6
Sulawesi Selatan,Luwu,2019,13.36,30.51,33.76,8.27,4.18,69.84,6
Sulawesi Selatan,Luwu,2020,12.78,21.85,29.92,8.89,3.72,70.19,6
Sulawesi Selatan,Luwu,2021,12.65,29.02,34.52,8.93,2.46,70.34,6
Sulawesi Selatan,Luwu,2022,12.53,27.1,34.55,8.92,2.03,70.44,6
Sulawesi Selatan,Luwu,2023,12.49,28.74,40.63,2.39,42.0,70.75,6
Sulawesi Selatan,Luwu,2024,12.71,27.34,34.16,9.19,1.23,71.0,6
Sulawesi Selatan,Luwu Timur,2018,7.66,19.82,34.64,8.34,10.44,69.79,6
Sulawesi Selatan,Luwu Timur,2019,7.23,13.31,32.37,8.48,7.03,70.03,6
Sulawesi Selatan,Luwu Timur,2020,6.98,10.3,25.33,8.64,8.92,70.38,6
Sulawesi Selatan,Luwu Timur,2021,6.85,16.87,28.79,9.22,4.83,70.53,6
Sulawesi Selatan,Luwu Timur,2022,6.94,14.87,27.26,8.38,3.39,70.63,6
Sulawesi Selatan,Luwu Timur,2023,6.81,11.68,24.78,10.98,0.19,70.94,6
Sulawesi Selatan,Luwu Timur,2024,6.93,15.97,20.83,8.83,3.09,71.19,6
Sulawesi Selatan,Luwu Utara,2018,14.33,19.87,43.61,7.73,12.49,67.61,6
Sulawesi Selatan,Luwu Utara,2019,13.69,16.35,35.66,7.53,8.22,67.9,6
Sulawesi Selatan,Luwu Utara,2020,13.6,20.18,36.29,8.26,7.4,68.31,6
Sulawesi Selatan,Luwu Utara,2021,13.41,40.04,40.19,7.75,7.63,68.51,6
Sulawesi Selatan,Luwu Utara,2022,13.59,36.23,29.9,8.23,6.9,68.67,6
Sulawesi Selatan,Luwu Utara,2023,13.22,17.32,25.0,12.86,0.01,69.03,6
Sulawesi Selatan,Luwu Utara,2024,12.66,17.99,20.67,8.52,4.12,69.36,6
Sulawesi Selatan,Maros,2018,11.14,18.12,27.65,7.82,2.44,68.6,6
Sulawesi Selatan,Maros,2019,10.31,15.47,25.3,7.52,0.71,68.74,6
Sulawesi Selatan,Maros,2020,9.89,16.37,28.82,7.96,0.94,68.98,6
Sulawesi Selatan,Maros,2021,9.74,29.41,19.98,8.21,1.79,69.02,6
Sulawesi Selatan,Maros,2022,9.57,21.57,27.38,8.38,1.49,69.04,6
Sulawesi Selatan,Maros,2023,9.43,20.64,24.32,10.26,1.63,69.28,6
Sulawesi Selatan,Maros,2024,9.65,17.05,21.5,8.15,0.74,69.45,6
Sulawesi Selatan,Pangkajene Dan Kepulauan,2018,16.22,57.23,31.42,7.47,1.82,65.86,5
Sulawesi Selatan,Pangkajene Dan Kepulauan,2019,15.1,22.27,36.39,7.74,1.77,66.12,5
Sulawesi Selatan,Pangkajene Dan Kepulauan,2020,14.06,24.72,20.18,7.99,1.56,66.49,6
Sulawesi Selatan,Pangkajene Dan Kepulauan,2021,13.96,30.79,27.6,7.93,0.53,66.66,6
Sulawesi Selatan,Pangkajene Dan Kepulauan,2022,14.28,24.61,23.78,8.51,1.0,66.78,6
Sulawesi Selatan,Pangkajene Dan Kepulauan,2023,13.92,28.0,23.0,9.17,97.71,67.12,6
Sulawesi Selatan,Pangkajene Dan Kepulauan,2024,13.4,13.98,24.18,8.87,0.4,67.36,6
Sulawesi Selatan,Pinrang,2018,8.46,31.06,36.22,7.87,2.83,68.68,6
Sulawesi Selatan,Pinrang,2019,8.81,26.15,32.65,7.95,1.04,68.98,6
Sulawesi Selatan,Pinrang,2020,8.46,30.62,34.01,8.11,1.93,69.39,6
Sulawesi Selatan,Pinrang,2021,8.86,30.43,27.44,7.9,1.64,69.61,6
Sulawesi Selatan,Pinrang,2022,8.81,19.89,23.93,8.1,1.3,69.77,6
Sulawesi Selatan,Pinrang,2023,8.79,18.94,24.02,1.38,38.7,70.15,6
Sulawesi Selatan,Pinrang,2024,8.9,28.67,22.62,8.82,0.91,70.49,6
Sulawesi Selatan,Sidenreng Rappang,2018,5.32,29.3,35.09,7.86,3.44,68.82,6
Sulawesi Selatan,Sidenreng Rappang,2019,5.16,27.12,30.55,8.02,2.42,69.15,6
Sulawesi Selatan,Sidenreng Rappang,2020,4.79,22.01,22.46,8.19,2.22,69.59,6
Sulawesi Selatan,Sidenreng Rappang,2021,5.05,22.71,35.39,8.04,1.26,69.83,6
Sulawesi Selatan,Sidenreng Rappang,2022,5.04,19.51,28.9,8.28,1.26,70.01,6
Sulawesi Selatan,Sidenreng Rappang,2023,5.11,15.97,27.72,6.18,24.03,70.41,6
Sulawesi Selatan,Sidenreng Rappang,2024,5.14,19.71,24.51,8.43,0.99,70.74,6
Sulawesi Selatan,Sinjai,2018,9.24,22.51,45.53,7.68,1.36,66.61,6
Sulawesi Selatan,Sinjai,2019,9.28,18.63,26.79,7.64,0.62,66.83,6
Sulawesi Selatan,Sinjai,2020,9.14,9.93,19.33,8.05,1.19,67.17,6
Sulawesi Selatan,Sinjai,2021,9.0,23.49,18.67,8.3,0.75,67.3,6
Sulawesi Selatan,Sinjai,2022,8.84,26.53,22.32,8.16,0.47,67.38,6
Sulawesi Selatan,Sinjai,2023,8.8,18.06,25.17,8.95,23.12,67.68,6
Sulawesi Selatan,Sinjai,2024,8.55,25.6,22.62,8.19,0.48,67.92,6
Sulawesi Selatan,Soppeng,2018,8.29,35.95,42.57,7.88,2.9,68.72,6
Sulawesi Selatan,Soppeng,2019,7.5,25.44,29.34,7.87,2.43,69.02,6
Sulawesi Selatan,Soppeng,2020,7.25,18.24,21.76,8.18,2.05,69.43,6
Sulawesi Selatan,Soppeng,2021,7.59,25.55,47.37,8.18,2.13,69.65,6
Sulawesi Selatan,Soppeng,2022,7.53,16.24,28.69,8.11,1.7,69.81,6
Sulawesi Selatan,Soppeng,2023,7.49,16.67,28.61,3.95,8.1,70.2,6
Sulawesi Selatan,Soppeng,2024,7.48,13.73,22.95,8.58,0.86,70.5,6
Sulawesi Selatan,Takalar,2018,9.24,22.92,26.28,7.42,0.9,66.38,6
Sulawesi Selatan,Takalar,2019,9.0,16.25,18.63,7.41,0.87,66.64,6
Sulawesi Selatan,Takalar,2020,8.7,18.82,23.94,7.77,0.77,67.01,6
Sulawesi Selatan,Takalar,2021,8.44,24.7,16.49,8.01,0.69,67.18,6
Sulawesi Selatan,Takalar,2022,8.25,22.38,26.5,8.0,0.33,67.3,6
Sulawesi Selatan,Takalar,2023,8.25,14.29,16.98,2.29,13.0,67.64,6
Sulawesi Selatan,Takalar,2024,8.29,20.56,10.38,8.0,0.27,67.9,6
Sulawesi Selatan,Tana Toraja,2018,12.62,36.24,55.64,8.2,3.18,72.56,5
Sulawesi Selatan,Tana Toraja,2019,12.75,29.86,51.47,8.27,2.87,72.8,6
Sulawesi Selatan,Tana Toraja,2020,12.35,32.21,51.24,8.68,2.38,73.15,6
Sulawesi Selatan,Tana Toraja,2021,12.1,44.41,59.86,8.71,1.96,73.3,5
Sulawesi Selatan,Tana Toraja,2022,12.27,38.15,53.55,9.03,1.58,73.4,6
Sulawesi Selatan,Tana Toraja,2023,12.18,24.73,53.27,1.82,18.73,73.72,6
Sulawesi Selatan,Tana Toraja,2024,12.48,33.12,48.81,8.63,1.49,73.99,6
Sulawesi Selatan,Toraja Utara,2018,14.41,40.52,51.71,7.95,1.62,72.94,5
Sulawesi Selatan,Toraja Utara,2019,13.37,22.89,45.77,8.09,1.02,73.09,6
Sulawesi Selatan,Toraja Utara,2020,12.41,31.36,43.05,8.53,1.12,73.35,6
Sulawesi Selatan,Toraja Utara,2021,12.01,40.66,38.63,8.52,1.04,73.39,6
Sulawesi Selatan,Toraja Utara,2022,11.99,34.2,37.01,8.89,0.91,73.41,6
Sulawesi Selatan,Toraja Utara,2023,11.65,33.66,40.6,10.99,0.16,73.65,6
Sulawesi Selatan,Toraja Utara,2024,12.12,35.69,40.06,9.03,0.84,73.83,6
Sulawesi Selatan,Wajo,2018,7.38,25.18,32.95,7.06,3.02,66.52,6
Sulawesi Selatan,Wajo,2019,7.5,20.71,25.35,6.87,3.59,66.79,6
Sulawesi Selatan,Wajo,2020,6.91,22.57,27.5,6.73,3.22,67.17,6
Sulawesi Selatan,Wajo,2021,6.95,28.9,29.86,7.12,1.6,67.35,6
Sulawesi Selatan,Wajo,2022,6.46,27.32,17.88,7.48,2.18,67.48,6
Sulawesi Selatan,Wajo,2023,6.57,26.16,27.44,5.07,33.9,67.82,6
Sulawesi Selatan,Wajo,2024,6.73,18.54,20.04,7.98,1.47,68.1,6
Sulawesi Tengah,Banggai,2018,9.2,33.31,47.27,8.17,12.35,70.02,6
Sulawesi Tengah,Banggai,2019,9.12,16.57,22.82,8.18,5.42,70.32,6
Sulawesi Tengah,Banggai,2020,7.8,16.25,19.97,8.06,5.34,70.61,6
Sulawesi Tengah,Banggai,2021,7.39,17.55,22.83,8.95,5.39,70.88,6
Sulawesi Tengah,Banggai,2022,7.83,15.06,20.23,8.6,5.19,70.88,6
Sulawesi Tengah,Banggai,2023,7.33,11.97,28.96,10.64,15.66,70.88,6
Sulawesi Tengah,Banggai,2024,6.94,15.85,30.04,8.83,3.99,71.02,6
Sulawesi Tengah,Banggai Kepulauan,2018,15.92,38.6,39.04,7.93,5.72,64.53,2
Sulawesi Tengah,Banggai Kepulauan,2019,15.65,34.26,28.75,8.27,4.47,65.12,3
Sulawesi Tengah,Banggai Kepulauan,2020,14.84,43.82,19.35,8.49,3.92,65.71,4
Sulawesi Tengah,Banggai Kepulauan,2021,14.04,30.38,10.26,8.85,3.38,66.31,4
Sulawesi Tengah,Banggai Kepulauan,2022,13.72,25.14,13.51,8.24,3.29,66.59,4
Sulawesi Tengah,Banggai Kepulauan,2023,13.44,35.33,18.49,10.28,11.15,66.73,3
Sulawesi Tengah,Banggai Kepulauan,2024,12.9,26.64,14.24,8.79,2.79,66.87,4
Sulawesi Tengah,Banggai Laut,2018,16.17,37.57,43.32,8.11,1.37,63.62,2
Sulawesi Tengah,Banggai Laut,2019,16.32,34.82,13.2,8.85,0.93,64.21,2
Sulawesi Tengah,Banggai Laut,2020,15.34,36.25,26.92,8.61,1.21,64.79,2
Sulawesi Tengah,Banggai Laut,2021,14.6,34.51,18.4,8.64,1.18,65.38,2
Sulawesi Tengah,Banggai Laut,2022,14.17,27.05,24.06,8.38,1.07,65.67,2
Sulawesi Tengah,Banggai Laut,2023,13.17,36.88,30.5,4.98,22.42,65.81,2
Sulawesi Tengah,Banggai Laut,2024,14.15,26.33,25.14,8.61,0.96,66.08,3
Sulawesi Tengah,Buol,2018,16.65,43.08,40.02,8.69,6.97,67.0,4
Sulawesi Tengah,Buol,2019,16.08,25.76,17.33,8.95,12.94,67.59,6
Sulawesi Tengah,Buol,2020,15.19,39.72,21.73,8.98,6.07,68.17,6
Sulawesi Tengah,Buol,2021,13.93,27.93,19.19,9.06,5.64,68.76,6
Sulawesi Tengah,Buol,2022,14.06,14.29,12.63,9.07,5.26,69.05,6
Sulawesi Tengah,Buol,2023,12.85,23.76,12.22,5.89,3.81,69.32,6
Sulawesi Tengah,Buol,2024,13.36,15.92,17.55,9.58,4.27,69.73,6
Sulawesi Tengah,Donggala,2018,18.17,39.24,50.43,7.74,7.3,65.89,5
Sulawesi Tengah,Donggala,2019,18.03,30.85,43.65,7.51,6.88,66.37,5
Sulawesi Tengah,Donggala,2020,18.4,41.68,51.02,7.93,4.73,66.85,5
Sulawesi Tengah,Donggala,2021,17.39,26.5,40.06,8.15,4.54,67.33,5
Sulawesi Tengah,Donggala,2022,16.73,20.27,30.88,8.2,4.38,67.5,5
Sulawesi Tengah,Donggala,2023,16.3,31.02,47.32,6.08,22.75,67.61,5
Sulawesi Tengah,Donggala,2024,16.25,24.07,39.7,8.2,4.74,67.86,5
Sulawesi Tengah,Kota Palu,2018,6.74,40.71,13.77,10.62,0.14,69.93,6
Sulawesi Tengah,Kota Palu,2019,6.58,6.34,14.52,10.94,0.16,70.31,6
Sulawesi Tengah,Kota Palu,2020,6.83,6.4,5.24,11.51,0.23,70.68,6
Sulawesi Tengah,Kota Palu,2021,6.8,5.85,7.57,11.35,0.14,71.04,6
Sulawesi Tengah,Kota Palu,2022,7.17,4.55,3.94,11.57,0.12,71.09,6
Sulawesi Tengah,Kota Palu,2023,6.63,4.98,17.02,9.58,36.08,71.2,6
Sulawesi Tengah,Kota Palu,2024,6.56,10.97,13.53,11.43,0.1,71.45,6
Sulawesi Tengah,Morowali,2018,14.55,29.62,37.88,8.84,5.05,68.07,6
Sulawesi Tengah,Morowali,2019,14.34,16.99,19.07,9.02,3.39,68.45,6
Sulawesi Tengah,Morowali,2020,13.75,15.34,19.85,9.24,5.15,68.82,6
Sulawesi Tengah,Morowali,2021,13.43,13.83,18.12,9.3,2.85,69.18,6
Sulawesi Tengah,Morowali,2022,13.75,12.78,16.41,8.35,2.36,69.23,6
Sulawesi Tengah,Morowali,2023,12.58,13.54,18.61,10.87,16.02,69.23,6
Sulawesi Tengah,Morowali,2024,12.31,11.55,14.99,8.86,2.97,69.37,6
Sulawesi Tengah,Morowali Utara,2018,15.73,28.42,44.29,8.53,15.71,68.34,5
Sulawesi Tengah,Morowali Utara,2019,15.53,36.96,23.06,8.61,18.34,68.77,6
Sulawesi Tengah,Morowali Utara,2020,15.08,29.03,24.43,8.67,16.1,69.19,6
Sulawesi Tengah,Morowali Utara,2021,14.1,25.49,23.11,8.61,13.43,69.61,6
Sulawesi Tengah,Morowali Utara,2022,13.9,21.4,26.99,8.36,13.11,69.71,6
Sulawesi Tengah,Morowali Utara,2023,12.97,14.62,21.03,9.85,9.51,69.77,6
Sulawesi Tengah,Morowali Utara,2024,12.85,21.62,26.66,8.88,8.65,69.97,6
Sulawesi Tengah,Parigi Moutong,2018,17.55,34.88,41.97,7.27,3.51,63.19,5
Sulawesi Tengah,Parigi Moutong,2019,17.41,30.94,40.91,7.31,3.39,63.57,5
Sulawesi Tengah,Parigi Moutong,2020,16.64,33.64,34.24,7.69,3.03,63.94,5
Sulawesi Tengah,Parigi Moutong,2021,15.85,29.01,35.67,7.74,3.2,64.3,5
Sulawesi Tengah,Parigi Moutong,2022,15.28,20.03,35.17,8.27,2.95,64.35,6
Sulawesi Tengah,Parigi Moutong,2023,14.63,25.45,37.97,10.22,3.31,64.35,6
Sulawesi Tengah,Parigi Moutong,2024,14.91,21.5,30.86,8.34,3.29,64.62,6
Sulawesi Tengah,Poso,2018,17.16,24.6,38.27,9.01,7.13,70.16,6
Sulawesi Tengah,Poso,2019,16.71,23.44,16.35,9.16,8.49,70.51,6
Sulawesi Tengah,Poso,2020,15.65,16.06,16.81,9.39,5.59,70.85,6
Sulawesi Tengah,Poso,2021,15.45,15.88,19.14,9.58,5.09,71.18,6
Sulawesi Tengah,Poso,2022,15.92,13.49,24.2,9.72,5.03,71.19,6
Sulawesi Tengah,Poso,2023,15.18,16.37,23.57,8.47,6.66,71.19,6
Sulawesi Tengah,Poso,2024,15.16,16.07,15.74,9.53,5.38,71.33,6
Sulawesi Tengah,Sigi,2018,12.66,37.1,49.98,8.28,5.81,68.72,5
Sulawesi Tengah,Sigi,2019,12.6,31.51,47.56,8.48,5.69,69.15,6
Sulawesi Tengah,Sigi,2020,12.91,39.33,46.69,8.8,7.61,69.57,5
Sulawesi Tengah,Sigi,2021,12.45,29.03,48.13,8.62,6.77,69.99,5
Sulawesi Tengah,Sigi,2022,13.05,18.32,42.96,9.03,5.17,70.09,6
Sulawesi Tengah,Sigi,2023,12.3,21.46,47.82,3.53,7.68,70.15,6
Sulawesi Tengah,Sigi,2024,12.83,22.59,43.58,9.39,4.2,70.35,6
Sulawesi Tengah,Tojo Una-Una,2018,18.15,41.55,44.83,8.1,6.64,64.07,4
Sulawesi Tengah,Tojo Una-Una,2019,18.27,32.85,17.78,8.43,5.89,64.61,5
Sulawesi Tengah,Tojo Una-Una,2020,17.16,41.88,10.89,8.6,6.07,65.14,6
Sulawesi Tengah,Tojo Una-Una,2021,16.39,38.85,9.98,8.33,5.89,65.67,6
Sulawesi Tengah,Tojo Una-Una,2022,16.6,29.45,12.52,8.43,5.23,65.9,5
Sulawesi Tengah,Tojo Una-Una,2023,16.12,26.91,15.46,10.47,1.85,66.08,6
Sulawesi Tengah,Tojo Una-Una,2024,16.74,22.58,13.32,8.93,4.41,66.41,5
Sulawesi Tengah,Tolitoli,2018,13.3,38.13,33.97,8.23,3.2,64.12,5
Sulawesi Tengah,Tolitoli,2019,13.66,25.48,29.09,8.52,3.28,64.71,6
Sulawesi Tengah,Tolitoli,2020,13.09,25.8,24.54,8.77,3.18,65.3,6
Sulawesi Tengah,Tolitoli,2021,12.85,27.76,21.99,8.77,3.13,65.9,6
Sulawesi Tengah,Tolitoli,2022,13.51,14.48,27.18,8.98,2.96,66.18,6
Sulawesi Tengah,Tolitoli,2023,12.74,15.61,28.66,10.35,37.51,66.41,6
Sulawesi Tengah,Tolitoli,2024,12.85,8.9,31.23,8.87,2.6,66.78,6
Sulawesi Utara,Bolaang Mongondow,2018,8.02,48.24,45.53,7.71,5.73,68.61,6
Sulawesi Utara,Bolaang Mongondow,2019,7.67,22.62,32.17,7.94,5.01,68.86,6
Sulawesi Utara,Bolaang Mongondow,2020,7.47,22.18,29.46,8.2,5.65,69.22,6
Sulawesi Utara,Bolaang Mongondow,2021,7.27,20.05,33.19,8.33,4.12,69.36,6
Sulawesi Utara,Bolaang Mongondow,2022,7.58,25.77,31.79,8.54,3.68,69.45,6
Sulawesi Utara,Bolaang Mongondow,2023,7.04,42.38,22.31,9.32,4.15,69.78,6
Sulawesi Utara,Bolaang Mongondow,2024,7.37,33.54,28.53,8.81,3.02,70.07,6
Sulawesi Utara,Bolaang Mongondow Selatan,2018,14.16,53.11,43.85,7.68,9.67,64.03,4
Sulawesi Utara,Bolaang Mongondow Selatan,2019,13.6,38.89,20.55,8.03,5.98,64.19,5
Sulawesi Utara,Bolaang Mongondow Selatan,2020,13.27,27.12,31.2,8.39,4.4,64.45,6
Sulawesi Utara,Bolaang Mongondow Selatan,2021,12.77,28.52,23.5,8.53,3.48,64.49,6
Sulawesi Utara,Bolaang Mongondow Selatan,2022,12.85,35.58,37.55,8.76,3.69,64.49,5
Sulawesi Utara,Bolaang Mongondow Selatan,2023,11.92,53.83,24.91,9.25,2.05,64.74,5
Sulawesi Utara,Bolaang Mongondow Selatan,2024,12.04,42.53,27.48,8.65,3.16,64.95,5
Sulawesi Utara,Bolaang Mongondow Timur,2018,6.2,35.97,40.06,7.65,4.63,67.32,6
Sulawesi Utara,Bolaang Mongondow Timur,2019,6.03,25.77,35.48,7.98,5.15,67.51,6
Sulawesi Utara,Bolaang Mongondow Timur,2020,6.1,20.23,32.65,7.8,3.85,67.81,6
Sulawesi Utara,Bolaang Mongondow Timur,2021,5.88,25.0,39.65,8.42,2.57,67.89,6
Sulawesi Utara,Bolaang Mongondow Timur,2022,6.1,29.82,31.84,8.36,3.33,67.94,6
Sulawesi Utara,Bolaang Mongondow Timur,2023,5.85,43.86,25.76,9.59,27.02,68.24,6
Sulawesi Utara,Bolaang Mongondow Timur,2024,5.8,31.36,23.25,8.61,1.14,68.51,5
Sulawesi Utara,Bolaang Mongondow Utara,2018,8.89,54.21,52.9,8.82,7.52,66.98,5
Sulawesi Utara,Bolaang Mongondow Utara,2019,8.64,37.99,41.02,8.73,4.45,67.21,6
Sulawesi Utara,Bolaang Mongondow Utara,2020,8.45,46.76,35.62,8.86,3.73,67.54,6
Sulawesi Utara,Bolaang Mongondow Utara,2021,8.41,25.39,34.16,9.08,3.13,67.66,6
Sulawesi Utara,Bolaang Mongondow Utara,2022,8.03,28.74,32.15,8.26,2.8,67.73,6
Sulawesi Utara,Bolaang Mongondow Utara,2023,7.31,52.29,27.37,10.07,24.69,68.05,6
Sulawesi Utara,Bolaang Mongondow Utara,2024,7.9,37.95,26.84,8.92,2.91,68.33,6
Sulawesi Utara,Kep. Siau Tagulandang Biaro,2018,10.33,60.46,45.79,9.29,0.55,69.85,2
Sulawesi Utara,Kep. Siau Tagulandang Biaro,2019,9.87,26.5,51.38,9.02,0.7,70.14,5
Sulawesi Utara,Kep. Siau Tagulandang Biaro,2020,9.56,22.36,37.25,9.13,0.63,70.54,3
Sulawesi Utara,Kep. Siau Tagulandang Biaro,2021,8.94,17.28,55.36,9.37,0.63,70.73,3
Sulawesi Utara,Kep. Siau Tagulandang Biaro,2022,8.94,16.2,54.18,9.37,0.6,70.87,3
Sulawesi Utara,Kep. Siau Tagulandang Biaro,2023,8.2,32.98,58.11,8.34,11.51,71.27,3
Sulawesi Utara,Kep. Siau Tagulandang Biaro,2024,8.76,28.25,49.95,9.68,0.44,71.59,3
Sulawesi Utara,Kepulauan Sangihe,2018,11.8,62.98,55.11,8.57,0.86,69.35,2
Sulawesi Utara,Kepulauan Sangihe,2019,11.82,38.4,26.72,8.43,0.63,69.6,3
Sulawesi Utara,Kepulauan Sangihe,2020,11.15,41.23,24.47,8.55,0.63,69.96,3
Sulawesi Utara,Kepulauan Sangihe,2021,11.14,32.78,28.21,8.74,0.57,70.1,3
Sulawesi Utara,Kepulauan Sangihe,2022,11.02,39.3,19.46,9.0,0.54,70.18,3
Sulawesi Utara,Kepulauan Sangihe,2023,10.5,54.42,31.55,8.73,3.48,70.51,3
Sulawesi Utara,Kepulauan Sangihe,2024,11.01,32.81,27.43,9.23,0.65,70.78,4
Sulawesi Utara,Kepulauan Talaud,2018,9.77,43.69,50.87,8.84,2.37,69.48,4
Sulawesi Utara,Kepulauan Talaud,2019,9.5,25.6,25.4,9.24,2.36,69.71,6
Sulawesi Utara,Kepulauan Talaud,2020,9.86,31.14,30.69,9.62,2.96,70.04,6
Sulawesi Utara,Kepulauan Talaud,2021,9.49,17.44,35.18,9.97,2.1,70.16,6
Sulawesi Utara,Kepulauan Talaud,2022,9.0,42.76,25.8,9.81,1.98,70.24,6
Sulawesi Utara,Kepulauan Talaud,2023,8.25,49.2,30.36,8.87,9.23,70.57,6
Sulawesi Utara,Kepulauan Talaud,2024,8.46,49.2,29.79,10.01,1.41,70.91,6
Sulawesi Utara,Kota Bitung,2018,6.62,53.31,14.75,9.97,0.41,70.54,5
Sulawesi Utara,Kota Bitung,2019,6.67,28.21,5.82,9.65,0.42,70.72,5
Sulawesi Utara,Kota Bitung,2020,6.49,25.04,7.05,9.96,0.51,71.0,5
Sulawesi Utara,Kota Bitung,2021,6.41,20.27,9.88,9.95,0.37,71.07,6
Sulawesi Utara,Kota Bitung,2022,6.43,32.87,8.88,10.03,0.34,71.1,5
Sulawesi Utara,Kota Bitung,2023,6.2,29.52,2.99,9.32,7.42,71.38,6
Sulawesi Utara,Kota Bitung,2024,6.56,32.91,4.42,10.11,0.29,71.68,6
Sulawesi Utara,Kota Kotamobagu,2018,5.9,48.67,17.3,9.55,0.15,69.72,5
Sulawesi Utara,Kota Kotamobagu,2019,5.96,12.41,13.33,10.41,0.16,69.97,6
Sulawesi Utara,Kota Kotamobagu,2020,5.71,10.97,9.24,10.19,0.15,70.33,6
Sulawesi Utara,Kota Kotamobagu,2021,5.42,8.22,6.74,10.12,0.13,70.47,6
Sulawesi Utara,Kota Kotamobagu,2022,5.74,12.87,14.43,10.63,0.12,70.6,6
Sulawesi Utara,Kota Kotamobagu,2023,5.19,23.91,22.49,8.53,55.35,70.98,6
Sulawesi Utara,Kota Kotamobagu,2024,5.03,23.29,17.6,10.08,0.11,71.34,6
Sulawesi Utara,Kota Manado,2018,5.46,49.24,7.83,10.68,0.06,71.34,6
Sulawesi Utara,Kota Manado,2019,5.38,10.39,5.08,10.63,0.06,71.52,6
Sulawesi Utara,Kota Manado,2020,5.51,14.34,4.54,11.38,0.07,71.8,6
Sulawesi Utara,Kota Manado,2021,5.86,7.94,2.19,10.82,0.05,71.87,6
Sulawesi Utara,Kota Manado,2022,6.19,16.05,4.64,11.4,0.03,71.9,6
Sulawesi Utara,Kota Manado,2023,5.85,26.17,9.18,8.48,10.27,72.18,6
Sulawesi Utara,Kota Manado,2024,5.79,14.92,2.91,11.25,0.03,72.5,6
Sulawesi Utara,Kota Tomohon,2018,6.47,47.97,28.89,10.51,0.2,71.18,6
Sulawesi Utara,Kota Tomohon,2019,5.95,11.61,15.59,10.79,0.16,71.43,6
Sulawesi Utara,Kota Tomohon,2020,5.62,9.94,14.26,10.91,0.15,71.79,6
Sulawesi Utara,Kota Tomohon,2021,5.6,8.88,15.43,11.33,0.13,71.93,6
Sulawesi Utara,Kota Tomohon,2022,5.69,20.01,16.05,10.64,0.13,72.06,6
Sulawesi Utara,Kota Tomohon,2023,5.26,21.31,18.85,8.8,9.84,72.44,6
Sulawesi Utara,Kota Tomohon,2024,5.6,34.71,19.78,11.24,0.19,72.84,6
Sulawesi Utara,Minahasa,2018,7.9,35.72,35.77,9.76,1.74,70.46,6
Sulawesi Utara,Minahasa,2019,7.3,21.11,23.74,9.93,1.34,70.67,6
Sulawesi Utara,Minahasa,2020,7.18,26.21,17.92,9.61,1.35,70.98,6
Sulawesi Utara,Minahasa,2021,7.3,20.08,28.54,9.91,0.96,71.08,6
Sulawesi Utara,Minahasa,2022,7.67,25.99,26.48,10.05,0.89,71.16,6
Sulawesi Utara,Minahasa,2023,7.05,32.77,23.8,8.51,4.87,71.49,6
Sulawesi Utara,Minahasa,2024,6.87,24.85,20.89,10.61,0.71,71.82,6
Sulawesi Utara,Minahasa Selatan,2018,9.78,55.58,49.36,9.3,2.45,69.24,5
Sulawesi Utara,Minahasa Selatan,2019,9.34,43.98,33.12,9.1,2.11,69.47,6
Sulawesi Utara,Minahasa Selatan,2020,9.26,37.47,19.36,9.16,2.03,69.8,6
Sulawesi Utara,Minahasa Selatan,2021,9.14,44.95,26.47,9.71,2.04,69.92,6
Sulawesi Utara,Minahasa Selatan,2022,9.37,38.94,26.91,9.34,1.94,70.01,6
Sulawesi Utara,Minahasa Selatan,2023,9.0,49.51,22.53,7.76,4.66,70.35,6
Sulawesi Utara,Minahasa Selatan,2024,8.89,41.07,21.34,9.76,2.02,70.71,5
Sulawesi Utara,Minahasa Tenggara,2018,14.08,53.58,47.1,9.21,2.48,69.58,5
Sulawesi Utara,Minahasa Tenggara,2019,13.29,42.82,18.88,9.43,2.38,69.77,6
Sulawesi Utara,Minahasa Tenggara,2020,12.78,32.49,27.97,9.15,2.92,70.07,6
Sulawesi Utara,Minahasa Tenggara,2021,12.3,33.21,16.79,9.17,1.8,70.15,6
Sulawesi Utara,Minahasa Tenggara,2022,12.47,40.53,21.84,9.61,1.5,70.21,6
Sulawesi Utara,Minahasa Tenggara,2023,11.78,52.39,19.41,10.59,9.8,70.52,6
Sulawesi Utara,Minahasa Tenggara,2024,11.84,47.24,13.73,9.18,1.4,70.86,6
Sulawesi Utara,Minahasa Utara,2018,7.46,37.29,34.04,9.96,1.75,70.86,6
Sulawesi Utara,Minahasa Utara,2019,6.99,26.57,23.41,10.21,1.3,71.03,6
Sulawesi Utara,Minahasa Utara,2020,6.93,32.8,16.88,10.1,1.37,71.31,6
Sulawesi Utara,Minahasa Utara,2021,7.0,26.68,10.73,10.28,1.0,71.38,6
Sulawesi Utara,Minahasa Utara,2022,7.11,33.26,11.75,9.89,0.87,71.4,6
Sulawesi Utara,Minahasa Utara,2023,6.6,42.64,17.71,8.68,2.88,71.68,6
Sulawesi Utara,Minahasa Utara,2024,6.65,35.63,10.85,10.49,0.78,71.99,6
